Workbook

Sheet Test Cases
A1: Book Flight — QA Test Case Repository
A2: Prepared by Mohammed Alrehaili | Tool: Jira + Zephyr Scale | 58 test cases across Login and Flight Booking flows
A4: Test ID | B4: Module | C4: Test Group | D4: Priority | E4: Test Scenario | F4: Status
A5: BF-T63 | B5: Login | C5: Valid Login | D5: High | E5: Verify that a user can sign in successfully when a valid User Name and Password are entered. | F5: Draft
A6: BF-T64 | B6: Login | C6: Valid Login | D6: Normal | E6: Verify that a user can sign in successfully with "Remember me" checked, and the session persists after reopening the browser. | F6: Draft
A7: BF-T66 | B7: Login | C7: Valid Login | D7: Low | E7: Verify that a user can navigate to the Register page using the "Register" link. | F7: Draft
A8: BF-T67 | B8: Login | C8: Valid Login | D8: Normal | E8: Verify that the Password field masks the entered characters. | F8: Draft
A9: BF-T68 | B9: Login | C9: Invalid Login | D9: High | E9: Verify that a user cannot sign in when the User Name field is empty. | F9: Draft
A10: BF-T69 | B10: Login | C10: Invalid Login | D10: High | E10: Verify that a user cannot sign in when the Password field is empty. | F10: Draft
A11: BF-T70 | B11: Login | C11: Invalid Login | D11: Normal | E11: Verify that a user cannot sign in when both User Name and Password fields are empty. | F11: Draft
A12: BF-T71 | B12: Login | C12: Invalid Login | D12: High | E12: Verify that a user cannot sign in when an incorrect Password is entered for a valid User Name. | F12: Draft
A13: BF-T72 | B13: Login | C13: Invalid Login | D13: High | E13: Verify that a user cannot sign in when a non-existent User Name is entered. | F13: Draft
A14: BF-T73 | B14: Login | C14: Invalid Login | D14: Normal | E14: Verify that a user cannot sign in when User Name or Password contains only whitespace. | F14: Draft
A15: BF-T74 | B15: Login | C15: Invalid Login | D15: Normal | E15: Verify that a user cannot sign in when Password case does not match the registered password. | F15: Draft
... A62: BF-T59 | B62: Booking a Flight | C62: Invalid Payment | D62: High | E62: Verify that clicking "Pay now" multiple times in quick succession does not generate multiple Booking numbers for the same transaction. | F62: Draft

Sheet Summary
A1: Test Coverage Summary
A4: By Test Group
A5: Module | B5: Test Group | C5: High | D5: Normal | E5: Low | F5: Total
A6: Login | B6: Valid Login | C6: =COUNTIFS('Test Cases'!$C$5:$C$62,$B6,'Test Cases'!$D$5:$D$62,C$5) -> 1 | D6: =COUNTIFS('Test Cases'!$C$5:$C$62,$B6,'Test Cases'!$D$5:$D$62,D$5) -> 2 | E6: =COUNTIFS('Test Cases'!$C$5:$C$62,$B6,'Test Cases'!$D$5:$D$62,E$5) -> 1 | F6: =SUM(C6:E6) -> 4
A7: Login | B7: Invalid Login | C7: =COUNTIFS('Test Cases'!$C$5:$C$62,$B7,'Test Cases'!$D$5:$D$62,C$5) -> 5 | D7: =COUNTIFS('Test Cases'!$C$5:$C$62,$B7,'Test Cases'!$D$5:$D$62,D$5) -> 3 | E7: =COUNTIFS('Test Cases'!$C$5:$C$62,$B7,'Test Cases'!$D$5:$D$62,E$5) -> 0 | F7: =SUM(C7:E7) -> 8
A8: Booking a Flight | B8: Valid Select Flight | C8: =COUNTIFS('Test Cases'!$C$5:$C$62,$B8,'Test Cases'!$D$5:$D$62,C$5) -> 4 | D8: =COUNTIFS('Test Cases'!$C$5:$C$62,$B8,'Test Cases'!$D$5:$D$62,D$5) -> 1 | E8: =COUNTIFS('Test Cases'!$C$5:$C$62,$B8,'Test Cases'!$D$5:$D$62,E$5) -> 4 | F8: =SUM(C8:E8) -> 9
A9: Booking a Flight | B9: Invalid Select Flight | C9: =COUNTIFS('Test Cases'!$C$5:$C$62,$B9,'Test Cases'!$D$5:$D$62,C$5) -> 7 | D9: =COUNTIFS('Test Cases'!$C$5:$C$62,$B9,'Test Cases'!$D$5:$D$62,D$5) -> 0 | E9: =COUNTIFS('Test Cases'!$C$5:$C$62,$B9,'Test Cases'!$D$5:$D$62,E$5) -> 0 | F9: =SUM(C9:E9) -> 7
A10: Booking a Flight | B10: Valid Passenger Details | C10: =COUNTIFS('Test Cases'!$C$5:$C$62,$B10,'Test Cases'!$D$5:$D$62,C$5) -> 1 | D10: =COUNTIFS('Test Cases'!$C$5:$C$62,$B10,'Test Cases'!$D$5:$D$62,D$5) -> 1 | E10: =COUNTIFS('Test Cases'!$C$5:$C$62,$B10,'Test Cases'!$D$5:$D$62,E$5) -> 3 | F10: =SUM(C10:E10) -> 5
A11: Booking a Flight | B11: Invalid Passenger Details | C11: =COUNTIFS('Test Cases'!$C$5:$C$62,$B11,'Test Cases'!$D$5:$D$62,C$5) -> 4 | D11: =COUNTIFS('Test Cases'!$C$5:$C$62,$B11,'Test Cases'!$D$5:$D$62,D$5) -> 2 | E11: =COUNTIFS('Test Cases'!$C$5:$C$62,$B11,'Test Cases'!$D$5:$D$62,E$5) -> 1 | F11: =SUM(C11:E11) -> 7
A12: Booking a Flight | B12: Valid Payment | C12: =COUNTIFS('Test Cases'!$C$5:$C$62,$B12,'Test Cases'!$D$5:$D$62,C$5) -> 5 | D12: =COUNTIFS('Test Cases'!$C$5:$C$62,$B12,'Test Cases'!$D$5:$D$62,D$5) -> 3 | E12: =COUNTIFS('Test Cases'!$C$5:$C$62,$B12,'Test Cases'!$D$5:$D$62,E$5) -> 2 | F12: =SUM(C12:E12) -> 10
A13: Booking a Flight | B13: Invalid Payment | C13: =COUNTIFS('Test Cases'!$C$5:$C$62,$B13,'Test Cases'!$D$5:$D$62,C$5) -> 6 | D13: =COUNTIFS('Test Cases'!$C$5:$C$62,$B13,'Test Cases'!$D$5:$D$62,D$5) -> 1 | E13: =COUNTIFS('Test Cases'!$C$5:$C$62,$B13,'Test Cases'!$D$5:$D$62,E$5) -> 1 | F13: =SUM(C13:E13) -> 8
B14: Total | C14: =SUM(C6:C13) -> 33 | D14: =SUM(D6:D13) -> 13 | E14: =SUM(E6:E13) -> 12 | F14: =SUM(F6:F13) -> 58
